asset_id	ad_title	flg_revised
100104	「Hondaらしさ」を追いかけ	false
100274	公式オンラインショップ	false
100758	三越銀座店 食品売り場の品出しスタッフ／早番の求人詳細	false
100916	敏感肌に向き合って開発	true
100621	Excelの基本操作から応用まで	false
100367	チューリッヒ生命の保険プラチナ	true
100806	ライフカードなら年会費無料	true
100569	建築設計ツールの定番　DRACAD	true
100435	ソニー損保の医療保険	false
100351	保険料順にまとめて比較	true
100478	Webシステム開発ならVareal	true
100182	【通販生活限定】薄焼いわし	false
100472	企業向け研修「Winラーニング」	false
100951	WEBブラウザアプリ DMMブックス	true
100003	20代特化人材紹介サービス	true
100738	ダスキンでパートのお仕事	false
100958	業界最大級のクラウドソーシング	false
100803	あなたにオススメのカードローン	true
100830	底地と借地の買取と管理業務は	false
100020	プロ人事が採用を支援	false
100431	アフラックのオンライン保険相談	false
100460	AWSでWeb server構築 気軽に質問	true
100579	建築CAD 空間デザイナー育成	true
100485	Udemy	false
100166	メーカー公式ヒツジのいらない枕	true
100486	Adobeベーシック講座	false
101003	学力は算数で伸びる	true
100258	フェイラー通販 送料無料多数	true
100021	月額制採用代行「まるごと人事」	false
100512	イラレ研修のCodeCamp	true
100437	医療保険の人気ランキングを発表	true
100162	マキタのコードレス掃除機を比較	true
100106	求人掲載1ヶ月15000円	true
100242	FRAPBOIS フラボア ネット通販	true
100481	子供向けプログラミング教室	true
100808	リスク0で借金減額	true
100558	千葉県 CADおすすめスクール	true
100350	比較は保険見直しラボ	true
100210	ワンピース archives 商品一覧 PMbox P&M OFFICIAL ONLINE...	false
100292	レインウェア専門通販アメトハレ	true
100737	30～50代活躍 主婦歓迎	true
100430	人気のがん保険を比較	true
100602	2022年 子供にぴったりな塾を	true
100297	自動車保険の比較でお得に	true
100178	Miffy ミッフィー / 日傘 1級遮光 UVカット 晴雨兼用 トップレス...	false
100077	人材派遣管理 面接実施率を改善	true
100271	3アイテム以上で10%OFF	true
100629	最高品質のExcel講座2日間	true
100782	二子玉川駅の17時前退社OKの求人	true
100194	RALPHLAUREN	true
100593	受験を確実に突破する勉強法	true
100491	パソコン講座 ISA PCスクール	true
100892	ハローワーク アルバイト・パートの求人・仕事・採用	false
100998	公式 月刊ポピー 無料お試し	true
100906	伝統的なインド綿 ワンピース	true
100201	LAVEANGE 財布・ポーチ・ケース	true
100457	演習重視のAWSオンライン研修	true
100642	企業にあった最適な安全運転研修	true
100075	稼げる期間工総合ランキング2022	true
100428	なないろ生命 新しい医療保険	true
100624	実務で使えるExcel VBA動画学習	true
100577	初心者でもSolidworksをマスター	true
100525	心を動かす動画編集ツール	true
100619	MOS試験合格を目指せる勉強法	true
100398	約束に、まっすぐ。都民共済	true
100029	採用管理自動化システム	true
100817	大手不動産のエース350名が登録	false
100994	すまいるぜみ幼児向け通信教育	true
100995	自ら机に向かう子を育てる	true
101008	学研教室の無料体験学習受付中	true
100630	唯一無二、企業ITリテラシー研修	true
100528	BIM対応3次元CAD Zoomセミナー	true
100348	保険相談なら保険見直し本舗	true
100887	paypay銀行の住宅ローン	true
100696	デザイナー専門転職 BT2.net	true
100444	Microsoftパートナー PCスクール	true
100055	業界最大級介護求人の比較サイト	true
100363	ネットで保険を申込み	true
100971	相模原の求人ならdoda	true
100648	幼児タブレット学習おすすめ	true
100443	Power BIデータ分析講座	true
100010	ハイレベルインターンならJEEK	false
100934	ENVIRONビタミンAでスキンケア	true
100811	低金利なクラウドローンを比較	true
100215	Vivian公式通販　ロコンド	true
100576	合志市のパソコン教室　無料体験	true
100140	エンジニアのスカウトサービス	true
100654	中学生がやってはいけない勉強法	false
100611	東京ITカレッジ 1week無料体験	true
100695	デザイナー採用特化のViViViT	false
100584	建築CADパースデザイナー育成	false
100019	パーソルキャリアの転職サイト	true
100736	文字起こし依頼 社会貢献	true
100467	初心者が在宅勤務中にAWSの資格を取る記録 まとめ CLF編...	false
100377	交通死亡事故専門	false
100480	Rubyで学ぶWebアプリ開発	true
100313	三井ダイレクト損保の自動車保険	true
100799	今日と未来を､つなぐ。ニッセイ	true
100561	CAD BIM専門オンラインスクール	true
100684	子供にタブレット学習を始めさせようと思っているのですが、...	false
100145	コンサルタントの転職に強いエージェントは？エージェントを...	false
100334	アフラックのムダがない医療保険	true
100044	マイナビ 就職情報まとめサイト	true
100109	ダイレクトリクルーティング	true
100394	持病ありでも入りやすい医療保険	false
100745	企業の採用活動 募集を最適化	true
100393	アクサダイレクトの医療保険	true
100834	SRE不動産なら高額で不動産売却	true
100551	CATIA	false
100768	ハローワーク アルバイト・パートの求人・仕事・採用	false
100923	潤いとツヤを与える	false
100682	Tobii	false
100742	今だけのキャンペーン実施中	false
100253	RPS	true
100504	Adobe premiere	true
100566	石川県主催 支援セミナー	true
100305	セゾン自動車保険 ネット割引	true
100251	SoëlJewelryshop	true
100336	最短60秒でお見積もり	true
100871	保険のお見積り	false
100983	さいたま市の早朝のみOKのバイト	true
100779	杉並 交通警備週4日以上OKの求人	true
100227	TOCCA(トッカ)公式通販 送料無料	true
100152	大手企業のエース人材採用	true
100849	ネットから簡単無料お見積もり	true
100839	不動産の用地売却はポラスへ相談	false
100547	建築デザイン学科 TDG学校	true
100260	老舗ブランドFEILER ハンカチ	true
100788	立川市近隣のお仕事情報	true
100675	幼児のうちからタブレット学習を始めるのはどうですか？ |...	false
100440	Microsoft Power BIトレーニング	true
100323	スマホで簡単に入れる自動車保険	true
100244	FRAPBOIS バッグはこちら	true
100213	d.code PRE-ORDER	true
100018	採用窓口をデザインする	false
100868	お手頃な価格の保険をご案内	true
100660	Ｚ会のめいろ お子様の知育に	true
100083	ケーブルアセンブル	true
100188	THE NORTH FACEのキッズ帽子	true
100126	Accenture 第二新卒採用サイト	true
100826	借地の悩みまるっと買い取ります	true
100751	相模原　お勧め転職サイトを診断	true
100139	IT/DX人材の採用・内製化を支援	true
100418	2022年最新のがん保険ランキング	true
100546	AutoCADを2日でマスター	true
100240	BRUNO（ブルーノ） 公式通販	false
100725	他には載っていない求人も多数	true
100947	カラダにイイ男　最新刊配信中	true
100357	持病のある方向け死亡保険	true
100669	中学生の学習塾 臨海セミナー	true
100276	【ABCマート】コンバースの通販	false
100497	Adobe After Effects	true
101009	学研クオリティ オンライン授業	true
100828	東急リバブルの買取サービス	true
100308	自動車保険はネットで簡単契約	true
100502	Coloso	false
100164	寝つきにくさが激減します	false
100492	Adobeスクールパートナー	false
100012	インターンの募集情報を公開中	true
100123	10月16日(日)開催	false
100134	エンジニアの転職活動ならFindy	true
100302	公式 アクサダイレクト	true
100889	マイルが貯まるANAの住宅ローン	true
100952	正直不動産を読むなら	false
100941	こんなのしらない 最新刊配信中!	true
100102	採用業務を円滑にするシステム	true
100089	国内最大級の人材データベース	true
100125	残業少なめのお仕事探しなら	true
100047	エージェントからスカウトが届く	false
100113	採用を検討中の方はビズリーチ	true
100157	アプリ開発をサポート i3DESIGN	true
100643	MOS資格PowerPoint研修	true
100810	24時間受付WEB申込みはこちら	false
100404	保険市場で人気のがん保険	false
100079	施工管理求人ナビ　非公開求人	true
100379	損害保険ジャパンの海外旅行保険	false
100686	冬期講習 テストの点数UP	true
100982	埼玉県さいたま市南区 アルバイト・パート・正社員求人一覧	false
100168	通販生活コスメ6年連続売上1位	true
100419	回数制限なしの一時金 がん保険	true
100333	無料でFP相談できる リクルート	true
100317	三井住友海上　公式サイト	true
100474	現役エンジニアが教えるPython	true
100008	インターンシップ リクナビ2024	true
100275	楽天 コンバースキャップ	true
100567	スクエアプランニング株式会社	false
100848	自動車保険をもっと安く	true
100063	Airワーク採用管理 無料	true
100924	高機能保湿アクアコラーゲンゲル	true
100732	宿泊施設に特化した求人サイト	true
100407	アフラックのがん保険・医療保険	true
100704	求人広告作成 イーアイデム	true
100450	Power Automate Desktop	false
100340	ネット割引でおトクなバイク保険	true
100726	主婦の為の求人サイト しゅふJOB	true
100475	React 最短3ヶ月でWebエンジニア	true
100236	BRUNO コンパクトホットプレート	true
100057	サービス別おすすめ代理店3選	false
100664	親子のためのBabyKumon	true
100964	神奈川県横浜市の仕事掲載中	true
100232	23区 レディースブラウス	true
100045	2022年 使うべき転職サイト	true
100814	土地 売地	false
100111	採用ホームページが0円で持てる	false
100713	長岡市の美容求人・転職 美プロ	false
100753	所持金少なくてもOK　製造業求人	true
100867	2022年医療保険ランキングを発表	true
100025	北海道 仕事探しならdoda	true
100946	女の子が抱いちゃダメですか	true
100781	パート平日のみの求人・バイト情報	false
100575	建築業界向け　JW-CAD基礎講座	true
100532	実写と見間違う高品質CG制作	true
100173	満足度97% 深いシワに効く	true
100884	スマホで簡単に加入できます	true
101010	最高品質の東大個人指導塾	true
100933	肌にお悩みの方へ	false
100505	Premiere Pro短期講座	false
100549	CAD図面作成を学べる検定試験	false
100589	ICT教育の導入をサポート	true
100730	多摩地域 介護職転職サイト	true
100771	足立区 求人ならリクナビ派遣	true
100874	乗るピタ（半日から自動車保険）	false
100130	akahaiagent Web業界の転職支援	true
100295	ボウタイ リボン ブラウス	false
100423	Ponta会員限定のがん保険	true
100358	持病がある方向け死亡保険	true
100598	算数オリンピック入賞を目指す塾	true
100281	allurevilleはこちら ネット通販	true
100473	Python研修 入門者・初心者育成	true
100534	週1から学べる3DCGクリエイター	true
100573	2日間でJw_CADをマスターできる	false
100673	ベネッセのこども英語教室	false
100612	プログラミング、ITインフラ資格	true
100211	velikokoラクチンきれいシューズ	true
100774	板橋区の保健師　ジョブメドレー	true
100226	タケオキクチ【IKETEI ONLINE】	false
100228	TOCCAサンダルの公式通販サイト	true
100544	これからCADのお仕事をしたい方	false
101000	個別の自宅学習計画　KATECO	true
100755	スナックの求人　銀座・新橋	true
100513	イラストレーター スクール	false
100829	天神・博多・薬院	false
100138	エンジニア フリーランス案件	true
100693	キッズ向け オンライン英会話	true
100050	2022 転職サイトおすすめ紹介	true
100864	おとなの自動車保険 SAISON CARD	true
100307	SBI損保の自動車保険満足度No.1	true
100272	anyFAM 通販 新作も続々入荷	true
100306	イーデザイン損保 &e 公式サイト	true
100846	トヨタ 自動車保険を見積り比較	true
100878	実はカラクリがある 保険相談	true
100239	BRUNO（ブルーノ）電化製品通販	true
100004	人材採用 求人メディアをご提案	true
100361	アクサダイレクト生命の死亡保険	true
100397	がんを一時金で手厚く保障	false
100907	インド 綿 ワンピース 心地良い	true
100360	死亡保険 おすすめランキング	true
100256	人気ブランド 通販	false
100283	マーキーズ(MARKEY'S)公式通販	false
100516	InDesignを使ってレイアウト作成	true
100455	Power Automate 網羅的に学べる	true
100870	保険 相談  保険選びのポイント	true
100330	ネットで申込める生命保険	false
100869	火災保険を無料で見積もり	true
100943	とある科学の超電磁砲 配信中	true
100798	車両保険 今すぐ一括見積り	true
100942	漫画(まんが) 二月の勝者 配信中	true
100456	アマゾン ウェブ サービス	false
100180	Ainsel	false
100873	損保ジャパンの1日自動車保険	true
100059	RPO 採用代行で25年以上の実績	true
100434	SBI損保のがん保険 医師も推奨	true
100035	採用に特化したサイトを制作	false
100392	2022年最新 医療保険ランキング	true
100939	くらもちふさこ 作品 電子書籍	true
100687	タブレット 効率学習 知識定着	true
100580	テックフォードアカデミー専門部	false
100469	ITの専門知識を無料で学ぶ	true
100740	技術研修 マンツーマン実践研修	true
100850	セゾン ネット 保険 見積り簡単	true
100545	ソリッドワークス NECグループ	true
100699	リクルート 採用活動・求人媒体	true
100069	立飛惣菜工場 惣菜製造スタッフ／夕番の求人詳細	false
100789	アルバイト・パート求人 JOBLIST	true
100417	おすすめのがん保険 ランキング	true
100129	求人広告代理店 400媒体取扱	true
100572	ITエンジニア夜間コース	false
100241	公式 ブルーノ BRUNO 最新情報	true
100468	【AWS認定保持者限定】	false
100310	頼れる補償 マイカー共済	true
100429	アフラックのオンライン無料相談	false
100879	自動車保険 アクサダイレクト	true
100609	子どもの 教育で 大切な事	true
100285	冬 最新スタイル アイテムが続々	true
100932	プレミアムモイスチャージェル	false
100412	頼れる総合保障 こくみん共済	true
100070	手当も充実!  NISSANの期間工	true
100427	コープCO・OP共済 充実の保障	true
100770	足立区 バイト タウンワーク	true
100368	ファインセーブ お手頃な保険料	true
100519	インスタデザイン 学ぶ 無料体験	true
100685	giga対応MDM 豊富な運用実績	true
100880	BMWオーナー 公式サイト	true
100800	三井住友海上 安価な自動車保険	true
100094	NO.1 LINEに特化した採用ツール	true
100442	Power Automate 業務自動化RPA	true
100115	工場 製造業のお仕事 マイセルフ	true
100775	板橋区 主婦活躍中の求人情報	true
100950	電子書籍 正直不動産 絶賛配信中	true
100610	MOS試験 合格実績16,028名	true
100578	Vectorworks 取得 集中的に学ぶ	true
100746	採用担当者向け	false
100565	パソコン教室 役立つ情報を紹介	true
100996	赤ちゃんの心と体を育む	false
100735	リモートワーク IT分野に就職	true
100261	bebe 子供 服	false
100797	アフラックのお店で保険相談	true
100014	エントリー前に仕事体験	true
100596	eラーニングの企画から運用まで	true
100349	2022年 死亡保険ランキング	true
100720	しゅふJOB ママが働きやすい仕事	true
100220	楽天 ブランケット ガーゼ	true
100462	U_29 IT業界転職プログラム	true
100600	中学受験に向け、塾に通う	true
100217	Vivian ヴィヴィアン	false
100375	お手頃 保険料 終身保険 申込み	true
100563	福岡特化 年収800万円以上 転職	true
100421	イオン・アリアンツ生命 申込み	true
100040	転職 ビズリーチ 人材に特化	true
100813	不動産仲介 Livness 実績豊富	true
100225	SKECHERS パンプス 続々入荷中	true
100399	死亡保険 太陽生命 簡単に見積り	true
100219	any SiS 通販 新作も続々入荷中	true
100944	屋根裏部屋の公爵夫人 配信中	true
100972	50歳以上の求人・バイト情報	false
100202	女優 代官山のバッグブランド	true
100268	MISCH MASCH公式通販	false
100329	安い医療保険 総合ランキング	true
100245	FURLA（フルラ）	false
100700	620万件超の企業データ	true
100748	決定数No.1・求人データベース	false
100900	豊富なエンジニアリングレジン	false
100997	算数オリンピックチームが開発	true
100128	月38万円 採用代行サービス	true
100252	rps パンツ 新作商品が続々入荷	true
100827	借地権 安心売却 無料相談窓口	true
100855	公式 アクサダイレクト 見積り	true
100373	手軽で堅実 県民共済 熟年型保障	true
100370	85歳でも入れる死亡保険	false
100142	フリーコンサルタント 案件紹介	true
100073	工場 東洋ワーク あなたと共に。	true
100263	コスメポーチ ポール ＆ ジョー	true
100264	公式 ポール&ジョー 通販サイト	true
100136	エージェント エンジニア	true
100482	adobe photoshop illustrator	true
100515	イラスト 技術 身に付ける。	true
100893	町田市 事務 求人情報一覧	true
100304	損保ジャパン 1日自動車保険	true
100823	土地の売却を考える ノムコム	true
100406	保険 手軽に資料請求 無料相談	true
100812	借入があっても家が買えます	true
101005	進研ゼミ中学講座 ニガテ解消	true
100451	Power Automate Desktop	false
100163	通販生活限定  マキタの掃除機	true
100301	お客さまに選ばれる任意保険	true
100853	12社 最短3分で無料一括見積もり	true
100597	医学部難関大専門 "逆転合格"	true
100715	キャバクラ未経験・経験者大歓迎	true
100754	求人掲載1ヶ月15000円 人材採用	true
100487	20以上のアプリやサービスを提供	true
100560	CAD スクール	true
100599	スマイルゼミ	false
100832	福山 土地 売却 不動産スーモ	true
100183	cache cache バッグ コンパクト	true
100632	ビジネスシーンに欠かせないOffice操作を習得Office研修一覧	false
100233	23区	false
100365	太陽生命の死亡保険 手厚く保障	true
100342	バイク保険の三井ダイレクト損保	false
100503	バンタンデザイン研究所 専門校	true
100539	旭化成グループ 安心して働ける	true
100904	ファッション通販のベルーナ	true
100678	あの子のキャラクターを無料診断	true
100385	死亡保障に特化オリックス生命	true
100466	クラムメディア問題集	false
100636	パソコンスクールメディアック	false
100541	紙面図 CADトレース ラクに。	true
100181	美容オイル植物性 ロングセラー	true
100991	幼児向け 販促 応援ノートの配布	true
100324	三井ダイレクトのバイク保険	true
100521	講座一覧を見る PremierePro	true
100843	法人でも充実補償 セコム損保	true
100698	求人広告の掲載料金 プラン一覧	true
100022	企業様 人材のマッチング支援	true
100533	AutoCAD は数百万人の信頼を得る	false
100086	求人 幅広いコンサルティング	true
100269	MISCH MASCH 通販 豊富に品揃え	true
100601	マインドマップ 学べる塾 募集中	true
100165	PILLOWSTAND ピロースタンド	false
100988	在宅で簡単に資格を取得できます	false
100221	ニトリ NITORI ブランケット	true
100039	人材 ダイレクトにアプローチ	true
100355	人気保険ランキング	false
100535	3D GECKOSMOS コンテンツ作成	true
100364	日本生命グループ 医療保険	true
100235	23区 パンプス 豊富に品揃え。	true
100926	トライアル 新VC100 ツヤ肌へ	true
100634	AVIVA MOS対策講座 パソコン教室	true
100976	千葉県野田市野田 求人検索	true
100721	新潟県 新発田市 アルバイト・パートの求人情報	false
100615	アットホームなパソコン教室	false
100319	任意保険 シュミレーション	false
100622	Excelの操作を1日でマスター	true
100095	採用 スターラボ 確かな交渉力	true
100132	スカウト ITエンジニア転職 募集	true
100159	音楽を仕事に 音について学べる	true
100262	PAUL & JOE オンラインショップ	true
100949	人気の漫画 正直不動産 配信中	true
100042	法人 即戦力採用 採用のご相談	true
101002	小学生 新クラス 開講 個別指導	true
100131	企業のエンジニア採用 即戦力	true
100860	自動車保険 無料 お見積もり	true
100538	3D類似形状検索	false
100436	終身医療保険人気ランキング	false
100488	SHElikes シーライクス 無料体験	true
100640	サイボウズの企業研修プログラム	false
100002	社員インタビュー掲載中	false
100433	がん保険 幅広く保障 月々895円	true
100833	土地を売りたいならズバット	true
100587	工務店向け 建築 AnyONEを導入	true
100026	デザイナー 低コストで採用を	true
100223	SHOOLARUE バッグ 豊富に品揃え	true
100688	年2回 知能学習到達度テスト実施	false
100836	福山市 不動産売却 選ぶポイント	true
100347	ネットで保険料 カンタン見積り	true
100966	平塚市のアルバイト・パート求人	true
100049	パソナキャリア 求人情報サイト	true
100060	求人広告代理店 約400媒体取扱	true
100438	はなさく生命 保険商品 申込方法	true
100744	パーソルグループ 条件で検索	true
100671	すららの塾開業 低コスト経営	true
100494	デザイン 好きな場所で働ける	true
100882	【楽天】自動車保険一括見積もり	false
100338	バイク任意保険は加入すべき？	true
100288	WILLSELECTION	false
100585	請負 施工図面作成 高品質	true
100270	MISCH MASCH スカート続々入荷中	true
100254	Rps	false
100574	JWCAD習得講座 自宅で学べるCAD	true
100088	大手7求人メディアに一括で掲載	true
100529	ソリッドエッジ 30日間無償	true
100835	無料査定依頼 土地の売却 HOME4U	true
100543	DWG 正確性と互換性を確保	true
100006	2ヶ月でエンジニアを目指す人へ	true
100613	個人指導。WinのPowerPoint講座	false
100195	LACOSTE公式オンラインストア	false
100150	ハイプロ プロに直結	true
100192	公式オンラインショップ	false
100286	MA＊RS（マーズ）	false
100148	経理レスキューにご相談	true
100028	ドリームキャリア 就職支援	true
100886	掛け捨てではない医療保険	false
100903	通販サイト ファッション	false
100470	期間限定 AWS利用費 10%OFF	true
100658	オススメ学習タブレット比較	true
100837	創業50年を誇る確かな実績	true
100167	MISHINRENT.com ミシンレンタル	true
100033	SNS広告の求人募集 インディード	true
100741	中高年歓迎 豊富な求人をご用意	true
100291	楽天 大人 水着 スポーツ	true
100054	メーカー転職ならタイズ	false
100175	増殖抑制率100％ 簡単ダニシート	true
100562	MEITECキャリア採用サイト	true
100172	乾燥を防ぎ、肌にハリとツヤを	false
100158	デザイナー特化型エージェント	true
100945	正直不動産	false
100552	建築設計 BIMソフトウェア	true
100212	ORiental TRaffic 靴の通販	true
100592	受験対策の学習の向上を促します	true
100556	在宅勤務あり CADオペ	true
100694	ユーキャンの通信講座	true
100918	Dr.Ci:Labo	false
100458	無料で本格的な講義が受けられる	true
100920	Dr.Ci：Labo／ドクターシーラボ 通販	false
100101	採用代行サービス SAITAS＋	true
100085	初期コスト無料で求人掲載	false
100265	Michael Kors ネット通販	true
101007	無料体験受付中	false
100667	小学生向け通信教育スマイルゼミ	true
100147	経理の転職なら管理部門キャリア	true
100076	直接雇用	false
100121	人材を直接探せる求人サービス	true
100197	LACOSTE 靴 翌日お届けも可	true
100912	ドクターシーラボ 公式サイト	true
100635	MOS資格取得 質の高い講座が特徴	true
100038	中途採用の求人掲載ならエン転職	true
100989	Udemy	false
100300	おとなの自動車保険 簡単見積り	true
100479	Ruby学習コーチ受講生	true
100677	自分の学力に応じた教材	true
100372	アクサダイレクト生命の終身保険	true
100750	タウンワーク掲載のご相談	true
100790	在宅ワーク データ入力の求人・バイト情報	false
100454	パワーオートメイト	false
100410	人気の保険 保険ほっとライン	true
100656	こぐま会教材の幼児通信教育.	false
100581	【公式】東京デザイン専門学校	false
100747	東京都の企業向け支援	true
100216	メタルヒール・ブーティ	true
100352	保険の見直し、比較	true
100068	日総工産の工場求人ナビの使い方	true
100198	LACOSTE x スニーカー	false
100452	RPAトレーニング受講	true
100151	事業会社の経理の求人をご紹介	true
100062	リモートアシスタント CASTERBIZ	true
100583	オンライン研修 CADCIL	true
100921	ドクターシーラボ	false
100714	求人・仕事・採用を掲載中	true
100371	生命保険人気ランキング 2022	true
100290	マルイ 丸井 水着	true
100591	中学受験のための個別指導塾	false
100326	セコム損保の自動車保険	true
100841	空き家を売るなら翔栄	true
100024	法人のお客様向け ビズリーチ	true
100697	税務会計スタッフ募集	true
100072	製造派遣会社ワールドインテック	true
100445	Microsoft Power BI データ分析	true
100937	ニキビ肌診断 肌状態を数値化	true
100851	チューリッヒの法人自動車保険	false
100767	地域密着型の人材派遣会社を紹介	false
100495	PremiereProを使って動画編集	true
100078	トヨタ自動車株式会社期間工募集	true
100321	安心の第一歩は自賠責保険から	true
100218	anySiSの通販ならONWARD CROSSET	true
100594	個別指導のスクールIE	true
100137	即戦力エンジニアのエージェント	false
100840	Residence+	false
100009	インターンシップ募集	true
100156	クリエイター求人紹介 ユウクリ	true
100550	デザイン設計開発量産データ作成	true
100424	安心して最適な治療を選べる保険	false
100975	野田市の50歳代活躍中の求人情報	false
100380	無料カンタンお見積りはこちら	false
100093	doda 転職者満足度No.1	true
100160	ブルーノ(BRUNO) ブランド直営	true
100249	公式 ROSE BUD（ローズバッド）	true
100659	タブレット教材 RISU算数	true
100757	お祝い金5万円プレゼント	false
100999	6年続けてわかったこと	false
100712	池袋 チャットレディ求人募集	true
100787	江戸川区の主婦・主夫歓迎の短期バイト・単発アルバイト...	false
100052	中途採用サービス ミイダス	true
100722	新潟市 主婦歓迎の求人情報	true
100396	持病のある方も入りやすい保険	true
100243	FRAPBOISフラボア 公式通販	true
100902	CA4LA公式オンラインストア	false
100590	進研ゼミのご案内	true
100084	求人広告の掲載は株式会社yell	true
100259	タオル・キャンドル	true
100723	ハローワーク アルバイト・パートの求人・仕事・採用	false
100196	LACOSTE レディース スニーカー	true
100582	VectorWorksを激安販売中	false
100117	キャリタス就活フォーラム	false
100689	タブレット学習 中学生	false
100877	車両保険の無料一括見積もり	true
100449	KENスクールのCAD研修	true
100110	広報 即戦力人材をご紹介	true
100465	AWSの基礎コースにおける資格の勉強方法7選 勉強するときの...	false
100809	即日審査 カードローン	true
100036	即戦力人材を直接スカウト	false
100112	会社 採用情報	false
100346	はなさく生命の公式ホームページ	true
100034	ポータルサイトの株式会社エムズ	true
100246	ロデスコ	false
100369	保険会社の比較サイト	true
100980	1日5時間以内でもOK	true
100303	2022年 自動車保険ランキング	true
100511	授業体験セミナー	true
100048	ビズリーチに登録して求人を見る	true
100801	オリックスマネー 最短即日融資	true
100501	プロが教える動画編集スクール	true
100087	採用代行RPOサービス	true
100051	企業様向けサイト リクナビNEXT	true
100066	期間工一括比較 入社特典	true
100206	Amazon.co.jp	true
100255	JILLSTUART ネット通販	true
100097	ニート向けの転職ならDYM就職	true
100805	キャッシングならダイレクトワン	true
100099	優秀なエンジニアを採用できる	true
100422	女性特有がん経験者専用がん保険	true
100728	主婦・主夫歓迎のバイト探し	true
100071	就業先を続けるならリツアン	true
100739	タウンワークなら求人情報が満載	true
100250	ROSE BUD ネット通販	true
100120	九州・福岡に特化したYOUTURN	true
100032	不採用でも企業にヒアリング	true
100705	一期一会の副業	true
101004	こどもちゃれんじ 年長さん向け	true
100309	自動車保険を比較検討中の方へ！	true
100974	横浜市戸塚区 工場の求人情報	true
100653	中学生の読解力トレーニング	true
100852	ネットでのお見積はこちらから	true
100759	銀座駅、ナイトワーク系のバイト・アルバイト・パート求人...	false
100144	フリーコンサルタント募集	true
100287	WILLSELECTION ファッション通販	true
100816	土地フェス 鹿児島県	true
100359	医療保険ならメディケア生命保険	true
100819	最適な資産活用をご提案売却	true
100229	TOCCA（トッカ）公式通販	true
100146	中小企業の経理財務部門に強い	false
100752	チャットレディ求人情報	true
100783	生活支援員求人 ジョブメドレー	true
100780	パート コロナの求人・バイト情報	false
100953	漫画 ダチュラ 配信中	true
100707	広告投資 新規顧客情報を獲得	true
100641	新入社員向けプログラミング研修	true
100661	『めいろワーク』無料プレゼント	false
100509	イラストレーター講座	true
100096	新卒が登録して使ってみた感想	true
100508	2日間でillustratorをマスター	false
100439	Microsoft Power BI	true
100489	経産省認定講座 最大70%の給付金	true
100981	川越 短期バイトはタウンワーク	true
100400	2022年葬儀保険人気ランキング	false
100090	クライアント向け	true
100711	長岡市 アルバイト・パート求人	true
100553	Revit初心者	false
100820	一括無料査定 自宅の高額売却	false
100463	AWSの基礎力を身に着ける	true
100628	パソコン教室アビバのExcel講座	true
100845	自動車保険を選ぶなら 価格.com	true
100614	最短2週間で合格を目指す	true
100476	React Udemy	true
100586	建築CADエース	true
100409	チューリッヒ生命	true
100027	エージェント相談 スカウトも	true
100154	業務ノウハウをパッケージに反映	true
100496	学生向けの特別価格プラン	true
100691	こどもの様子をいつでも見られる	true
100520	スケジュールを自由に調整可能	false
100863	高額な自転車賠償事故に備えたい	true
100278	コンバース オンラインショップ	true
100524	アドビの動画編集ソフト	true
100416	アフラック がん保険WINGS	true
100043	求人広告代理店ONE	true
100483	職種スキルが定額学び放題	true
100861	【ソニー損保】公式サイト	true
100692	Ｚ会の英語講座 小学生コース	true
100540	図面作成スキルを学べるCAD講座	true
100702	チアキャリア 企業からスカウト	true
101012	全受験科目を管理	true
100312	損保 新規契約数3冠	true
100098	フリーターに強い就職支援 JAIC	true
100604	子供の塾の課題が多すぎて大変です。どうしたらいいですか？...	false
100238	CLASがおすすめする家電アイテム	true
100956	AmazonFlex はじめてみませんか?	true
100709	低コストで質の高い採用を	true
100668	チャレンジ 1年生	true
100327	2022年 生命保険ランキング	true
100331	実はカラクリがある保険相談の闇	true
100177	保湿ケア・UV対策は徹底	true
100279	超軽量レザースニーカー	true
100876	メルセデスの自動車保険	false
100616	アクセス講座のご案内 ナレッジ・パソコンスクール	false
100905	小柄女性サイズの専門店	true
100065	Honda熊本製作所期間従業員募集	true
100332	保険なら太陽生命のスマ保険	true
100403	保険のお見積り	false
100858	満足度NO1のSBI損保の自動車保険	true
100766	主婦 バイトの求人・バイト情報	false
100719	ママ活躍中バイト	true
100037	無料で手軽に人材募集 engage	true
100366	保険料	false
100542	豊富な機能で搭載のAutoCAD	true
100517	InDesignの基礎から習得できる	true
100644	企業の研修に最適な短期集中講座	true
100222	公式の無印良品ネットストア	true
100376	がんでも申し込みできる死亡保険	true
100277	Converseネット通販	true
100293	【楽天】レインコート自転車	false
100518	オンラインの少人数制デザイン塾	true
100913	厳選した美容成分配合の化粧水	true
101011	デジタル学習教材なら天神	true
100386	メディフィット定期  死亡保険	true
101006	授業体験・新入会生受付中	false
100322	弁護士が有利に交渉します	true
100724	阿賀野市の人と関わらない仕事の求人情報	false
100320	利用者調査	true
100706	転職サポートします！	true
100432	ミライロ保険くがん保険〉	true
100234	パンプスなら23区公式通販	true
100895	OiOiのサンダル通販　新作入荷中	true
100411	Ponta会員限定の団体保険	true
100339	チューリッヒのバイク保険	false
100608	こぐま会教材の幼児通信教育	false
100426	パーソナル保険診断で保険探し	true
100391	三大疾病保険ランキング	true
100875	イーデザイン損保の&e	true
100631	オンライン研修の料金見積もり	true
100353	生命保険人気ランキング	true
100266	マイケルコースの歴史と概要	false
100815	住友林業レジデンシャル	false
100885	東京海上日動の団地保険	true
100570	ダッソー・システムズ株式会社	true
100231	23区のスタッフコーディネート	true
100031	キャリアアップをサポートします	true
100185	毎週更新 期間限定 タイムセール	true
100674	比べればスマイルゼミ	true
100464	まるわかり講座特集	true
100872	他社から切り替えで保険料節約	true
100568	CATIAの3次元CADなら	true
100626	Udemy	true
100420	[がん保険]アクサダイレクト生命	true
100838	建売購入をお考えなら建売革命	true
100135	シニアエンジニア向け求人サイト	true
100666	WinBe武蔵新田校	true
100681	勉強させすぎないタブレット教材	true
100447	データサイエンティスト育成	true
100237	BRUNO/ブルーノ	false
100498	After Effectsを使用した解説	true
100453	法人IT研修 INTERNET ACADEMY	true
100081	採用ターゲット作成サービス	true
100058	広告代理店の仕事を検索応募	true
100328	ライフネット生命の終身医療保険	true
100915	シミ・くすみのスキンケア	false
100490	アビバでイラストレーター講座	true
100821	不動産売却なら東急リバブル	true
100015	理想の「求職者」にフォーカス	false
100914	pHの揺らぎは肌荒れの原因に	true
100413	メディケア生命のがん治療保険	true
100016	人材採用を担う	true
100374	神奈川県民共済がサポート	true
100986	4期連続合格者数No.1	false
100143	フリーコンサル案件紹介	false
100362	保険料簡単お見積り	true
100030	エンジニア求人をチェック	true
100013	どこからでも参加可能 オンラインインターン	true
100187	女性の強さと繊細さを表現	true
100657	通信教育チャレンジタッチ	true
100931	CauseSix PEELING GEL 67%OFF	true
100378	セブン・フィナンシャルサービス	false
100082	仕事探しならdoda（デューダ）	true
100824	土地売却を大手6社でお手伝い	true
100531	超高性能な3DCAD「iCAD SX」	false
100710	バイト募集サービスLINEスキマニ	true
100847	自動車保険加入1000Pプレゼント	true
100184	KRIFF MAYER ネット通販	true
100053	ゲーム業界専門の人材紹介Geekly	true
100446	Microsoft共同開催	false
100092	採用コストが高騰	true
100493	DTP各種講座	false
100023	採用のプロにおまかせ	true
100122	就活相談は福岡就活Plusへ！	true
100064	TOYOTAの期間従業員募集	false
100896	マルイのネット通販靴おすすめ	true
100571	CATIAを学べるスクール	true
100818	鹿児島県の売土地を地域から探す	true
100383	NET申込可能なメットライフ生命	true
100639	カリキュラム内容	true
100928	10万名にサンプルプレゼント	false
100208	大人向けワンピースはLAVEANGE	true
100046	仕事探しは転職サイトのdoda	true
100925	ドクターシーラボベストコスメ10	true
100802	オリックス銀行カードローン	true
100680	タブレットで学べる通信教育	true
100294	マルイ 通販 薄手 カーディガン	true
100041	無料で複数の求人サービスに掲載	true
100637		true
100341	バイク保険8社無料で一括比較	true
100344	Webでお申込みできて安心	true
100200	大人の女性向けLAVEANGEの雨傘	true
100484	ヒューマンアカデミー	false
100080	TOYOTAで働く期間従業員募集	true
100119	ハイクラス転職サイトビズリーチ	true
100133	エンジニア採用に強いTECHCAMP	true
100273	公式通販サイトのONWARD CROSSET	true
100555	図面トレース代行サービス	true
100441	オンラインで受けられるIT研修	true
100282	MARKEY'S ネット通販 品揃え豊富	true
100559	CADが学べる資格取得講座	true
100448	データサイエンスを学ぶ Aidemy	true
100405	緩和型保険のなないろ生命	true
100617	VBA講座の詳細はこちらから	true
100865	24時間365日申込受付中JAバンク	true
100618	KENスクールは様々な研修あり	true
100190	吉田カバン	false
100343	SBIで加入可みんなのバイク保険	true
100124	人材情報サービス企業アイデム	true
100141	システム開発のエンジニア求人	false
100389	なないろセブンで備える保険を	true
100384	定期保険はライフネット生命	true
100461	エンジニアスカウトならengineed	true
100186	カジュアル服激安通販はcoca	true
100402	楽天ポイントが貯まる楽天生命	true
100822	すみなび 不動産売却 無料査定	true
100955	ワタシ以外みんなバカ 配信中	true
100390	日本生命グループはなさく生命	true
100230	公式オンラインショップ	false
100620	Access開発専門企業インフォース	true
100191	LACOSTE公式オンラインショップ	true
100727	自分らしく働ける 仕事情報	true
100395	アフラックの医療保険EVERPrime	true
100588	幼児向け通信教育のスマイルゼミ	true
100381	オリックス生命の定期保険	true
100209	ブレスレット / アンクレット アガット 公式オンラインストア	false
100899	取り寄せ焼肉「きゅうこん」	true
100506	バンタンクリエイターアカデミー	true
100507	基礎からWEBデザインを学ぶ	true
100161	卓上扇風機2022年新モデルBRUNO	true
100116	チャームケア・コーポレーション	true
100207	Made in Tokyoのレザーブランド	false
100289	WILLSELECTIONアイテム購入可	true
100171	最高峰のスキンケア 初回 2980円	true
100690	通信教育ランキング	true
100959	テレワークに最適なACCEACAFÉ	true
100854	自動車保険比較検討中ならSORAHO	true
100990	女性用の資格通信教育	true
100103	リクルートの求人はリクナビNEXT	true
100500	動画編集 ヒューマンアカデミー	true
100247	マルイウェブチャネルネット通販	true
101001	名探偵コナンゼミ  通信教育	true
100257	ドイツの伝統工芸 FEILER 通販	true
100927	DECORTE公式onlineブティック	true
100067	日産自動車の期間従業員採用情報	true
100105	広告投資0円新規顧客情報を獲得	false
100510	インターネット・アカデミー研修	true
100963	横浜市戸塚区 中高年向けの求人	true
100296	BONJOURSAGANの各種商品	true
100548	自宅で学べるAutoCAD習得講座	true
100940	つきのおまめ コミックシーモア	true
100387	死亡保険金の使い道は自由	true
100189	世界基準のスタンダード	true
100883	三井住友海上の自動車保険 公式	true
100862	こくみん共済coopのマイカー共済	true
100807	オンライン大商談フェア開催中	true
100948	隣の席の変な先輩 7巻まで配信中	true
100595	ことばの学校で国語力を育てる	true
100408	住友生命グループメディケア生命	true
100114	未経験でも安心 でんきの学校	true
100672	名探偵コナンゼミ通信教育	true
100891	事務 パート 求人 町田市の求人募集 派遣社員のお仕事なら...	false
100729	しゅふJOB 求人の最新情報を掲載	true
100205	SAADLEATHERコレクション	true
100627	エクセル講座個別指導担任制のパソコン教室	false
100248	ROSEBUD通販のパンプス	true
100665	こどもちゃれんじEnglish	false
100733	主婦 パート 金融･銀行の事務	true
100663	学研の幼児ワーク	false
100638	自社に合った社員研修の実施	true
100214	ORiental TRaffic	true
100731	安心して転職するならdoda	true
100425	非喫煙者得の吸わんトクがん保険	true
100007	マイナビ2024 就職情報サイト	true
100199	LACOSTE公式オンラインストア	false
100649	子供向け通信教育スマイルゼミ	true
100523	企業向け動画スクールTU-MS	true
100337	保険市場でバイク保険を徹底比較	true
100522	吉本興業学院デジタルアカデミー	true
100897	ショッピングサイトぐるすぐり	true
100898	グルメ通販サイト食べログモール	true
100514	イラストレーター 専門学校 日デ	true
100459	オンラインでAWS資格勉強法	true
100335	6年連続No.1SBI生命保険	true
100749	東京都あきる野市 急募の転職・求人情報	false
100743	在宅メイン広告代理店で即日開始	true
100017	内定者とインターン同時フォロー	true
100734	主婦向け求人情報ママワークス	true
100623	パソコン教室市民パソコン塾	true
100001	企業から候補者に直接スカウト	true
100844	安い車両保険はチューリッヒ	true
100645	パソコン教室ISAPowerPoint講座	true
100311	お見積もりは個人情報不要!	true
100954	シーモアで鬼獄の夜が配信中	true